player,pos,age,bref_team_id,g,gs,mp,fg.,efg.,ft.,orb,drb,trb,ast,stl,blk,tov,pf,pts,po,conf
Steven Adams,C,20,OKC,81,20,1197,0.503,0.503,0.581,142,190,332,43,40,57,71,203,265,F,West
Arron Afflalo,SG,28,ORL,73,73,2552,0.45899999999999996,0.522,0.815,32,230,262,248,35,3,146,136,1330,NP,West
Alexis Ajinca,C,25,NOP,56,30,951,0.546,0.546,0.836,94,183,277,40,23,46,63,187,328,NP,East
Cole Aldrich,C,25,NYK,46,2,330,0.541,0.541,0.867,37,92,129,14,8,30,18,40,92,NP,East
LaMarcus Aldridge,PF,28,POR,69,69,2498,0.45799999999999996,0.45899999999999996,0.8220000000000001,166,599,765,178,63,68,123,147,1603,FT,West
Ray Allen,SG,38,MIA,73,9,1936,0.442,0.5489999999999999,0.905,23,182,205,143,54,8,84,115,701,F,East
Tony Allen,SG,32,MEM,55,28,1278,0.494,0.507,0.628,79,129,208,94,90,19,90,121,495,FT,West
Al-Farouq Aminu,SF,23,NOP,80,65,2045,0.474,0.48700000000000004,0.664,129,367,496,114,82,38,88,147,572,NP,East
Chris Andersen,C,35,MIA,72,0,1396,0.644,0.649,0.71,129,250,379,19,32,97,53,162,477,F,East
Alan Anderson,SF,31,BRK,78,26,1773,0.4,0.48700000000000004,0.78,40,135,175,81,48,11,62,147,564,FT,East
James Anderson,SG,24,PHI,80,62,2309,0.431,0.511,0.726,59,241,300,149,74,28,106,154,810,NP,East
Ryan Anderson,PF,25,NOP,22,14,795,0.43799999999999994,0.532,0.9520000000000001,66,76,142,17,10,7,20,47,436,NP,East
Giannis Antetokounmpo,SF,19,MIL,77,23,1897,0.414,0.46299999999999997,0.6829999999999999,78,261,339,150,60,61,122,173,525,NP,East
Carmelo Anthony,PF,29,NYK,77,77,2982,0.452,0.503,0.848,145,477,622,242,95,51,198,224,2112,NP,East
Pero Antic,PF,31,ATL,50,26,925,0.418,0.514,0.758,57,152,209,58,19,12,55,126,352,FT,East
Trevor Ariza,SF,28,WAS,77,77,2723,0.456,0.562,0.772,99,376,475,191,126,20,132,179,1107,FT,East
Hilton Armstrong,C,29,GSW,15,1,97,0.474,0.474,0.43799999999999994,19,28,47,5,4,4,6,11,25,FT,West
Darrell Arthur,SF,25,DEN,68,1,1161,0.395,0.424,0.855,52,158,210,61,39,47,58,185,401,NP,West
Omer Asik,C,27,HOU,48,19,968,0.532,0.532,0.619,101,277,378,25,14,37,59,92,280,FT,West
Gustavo Ayon,C,28,ATL,26,14,429,0.51,0.51,0.4,42,83,125,28,25,10,29,47,112,FT,East
Jeff Ayres,PF,26,SAS,73,10,952,0.58,0.58,0.691,89,169,258,60,13,25,63,146,240,F,West
Luke Babbitt,PF,24,NOP,27,2,473,0.39,0.506,0.778,18,70,88,29,7,11,15,52,170,NP,East
Leandro Barbosa,PG,31,PHO,20,0,368,0.4270000000000001,0.45399999999999996,0.795,5,32,37,32,7,4,19,30,150,NP,West
Jose Barea,PG,29,MIN,79,1,1471,0.387,0.44299999999999995,0.79,16,138,154,303,26,0,125,129,660,NP,West
Andrea Bargnani,C,28,NYK,42,39,1257,0.442,0.47200000000000003,0.8240000000000001,69,153,222,45,14,52,58,100,558,NP,East
Harrison Barnes,SF,21,GSW,78,24,2204,0.39899999999999997,0.44799999999999995,0.718,66,245,311,116,65,20,84,158,738,FT,West
Matt Barnes,SF,33,LAC,63,40,1735,0.43799999999999994,0.53,0.733,60,232,292,125,56,28,85,185,625,FT,West
Will Barton,SG,23,POR,41,0,387,0.41700000000000004,0.449,0.813,16,58,74,33,9,7,18,31,166,FT,West
Brandon Bass,PF,28,BOS,82,73,2266,0.486,0.48700000000000004,0.858,161,309,470,87,36,71,102,190,911,NP,East
Shane Battier,SF,35,MIA,73,56,1468,0.382,0.515,0.652,34,104,138,63,50,39,21,124,298,F,East
Nicolas Batum,SF,25,POR,82,82,2956,0.465,0.5539999999999999,0.8029999999999999,116,495,611,420,75,57,208,156,1070,FT,West
Aron Baynes,C,27,SAS,53,4,491,0.436,0.436,0.905,57,88,145,34,2,5,36,77,161,F,West
Bradley Beal,SG,20,WAS,73,73,2530,0.419,0.479,0.7879999999999999,54,219,273,243,71,18,128,153,1249,FT,East
Michael Beasley,SF,25,MIA,55,2,831,0.499,0.528,0.772,31,141,172,42,23,21,57,93,436,F,East
Marco Belinelli,SF,27,SAS,80,25,2016,0.485,0.5760000000000001,0.847,18,208,226,179,50,7,95,130,911,F,West
Anthony Bennett,SF,20,CLE,52,0,663,0.35600000000000004,0.384,0.638,49,106,155,17,21,8,47,93,217,NP,East
Patrick Beverley,SG,25,HOU,56,55,1751,0.414,0.509,0.8140000000000001,72,124,196,151,77,23,66,174,573,FT,West
Andris Biedrins,C,27,UTA,6,0,45,1.0,1.0,0.16699999999999998,2,15,17,0,0,0,2,6,3,NP,West
Chauncey Billups,SG,37,DET,19,7,309,0.304,0.392,0.833,4,24,28,42,8,1,25,25,72,NP,East
Bismack Biyombo,C,21,CHA,77,9,1072,0.611,0.611,0.517,105,261,366,8,7,86,40,124,222,FT,East
DeJuan Blair,PF,24,DAL,78,13,1214,0.534,0.534,0.636,139,229,368,70,60,21,77,192,497,FT,West
Andray Blatche,PF,27,BRK,73,7,1618,0.47600000000000003,0.48700000000000004,0.742,120,270,390,112,75,38,110,166,821,FT,East
Eric Bledsoe,PG,24,PHO,43,40,1416,0.47700000000000004,0.522,0.772,27,175,202,235,69,14,143,99,763,NP,West
Vander Blue,SG,21,BOS,3,0,15,0.5,0.5,0.2,0,3,3,1,0,0,2,1,5,NP,East
Keith Bogans,SG,33,BOS,6,0,55,0.5,0.75,1.0,0,3,3,3,1,0,1,2,12,NP,East
Andrew Bogut,C,29,GSW,67,67,1769,0.627,0.627,0.344,182,489,671,112,47,121,97,210,492,FT,West
Matt Bonner,PF,33,SAS,61,0,690,0.445,0.573,0.75,16,114,130,31,15,11,16,49,197,F,West
Trevor Booker,PF,26,WAS,72,45,1553,0.551,0.551,0.618,149,230,379,64,41,45,58,131,491,FT,East
Carlos Boozer,PF,32,CHI,76,76,2141,0.456,0.456,0.767,137,495,632,118,53,22,154,216,1042,FT,East
Chris Bosh,C,29,MIA,79,79,2531,0.516,0.555,0.82,98,424,522,87,80,78,125,192,1281,F,East
Avery Bradley,PG,23,BOS,60,58,1855,0.43799999999999994,0.485,0.804,48,178,226,85,63,11,96,145,891,NP,East
Elton Brand,PF,34,ATL,73,15,1414,0.539,0.539,0.649,97,264,361,74,40,88,60,192,419,FT,East
Corey Brewer,SF,27,MIN,81,81,2609,0.48100000000000004,0.517,0.718,63,144,207,135,151,30,105,210,998,NP,West
Lorenzo Brown,SG,23,PHI,26,0,224,0.302,0.32,0.6920000000000001,8,20,28,41,13,3,16,19,64,NP,East
Kobe Bryant,SG,35,LAL,6,6,177,0.425,0.445,0.857,2,24,26,38,7,1,34,9,83,NP,West
Chase Budinger,SF,25,MIN,41,8,751,0.39399999999999996,0.47600000000000003,0.821,19,84,103,31,19,2,24,58,274,NP,West
Reggie Bullock,SF,22,LAC,43,0,395,0.355,0.446,0.778,11,43,54,12,9,1,13,26,115,FT,West
Trey Burke,PG,21,UTA,70,68,2262,0.38,0.442,0.903,37,171,208,396,42,6,131,145,895,NP,West
Alec Burks,SG,22,UTA,78,12,2193,0.457,0.48700000000000004,0.748,59,198,257,212,69,14,149,190,1089,NP,West
Jimmy Butler,SG,24,CHI,67,67,2591,0.397,0.446,0.769,87,243,330,175,127,36,102,106,878,FT,East
Rasual Butler,SG,34,IND,50,2,378,0.46399999999999997,0.5820000000000001,0.5710000000000001,6,35,41,17,7,9,11,30,136,F,East
Dwight Buycks,PG,24,TOR,14,0,146,0.313,0.365,0.889,4,19,23,10,8,0,10,11,43,FT,East
Will Bynum,PG,31,DET,56,3,1054,0.428,0.451,0.802,24,75,99,216,39,7,103,121,485,NP,East
Nick Calathes,SG,24,MEM,71,7,1173,0.457,0.48700000000000004,0.611,23,114,137,207,66,8,101,117,347,FT,West
Jose Calderon,SG,32,DAL,81,81,2468,0.456,0.584,0.825,29,163,192,377,69,11,103,136,925,FT,West
Kentavious Caldwell-Pope,SG,20,DET,80,41,1583,0.396,0.46,0.77,38,118,156,55,75,12,28,145,470,NP,East
Isaiah Canaan,PG,22,HOU,22,0,252,0.35600000000000004,0.46,0.7240000000000001,7,17,24,22,8,4,21,25,101,FT,West
DeMarre Carroll,SF,27,ATL,73,73,2341,0.47,0.546,0.773,107,296,403,134,108,21,79,188,810,FT,East
Vince Carter,SG,37,DAL,81,0,1973,0.40700000000000003,0.4970000000000001,0.821,67,217,284,212,61,35,108,209,967,FT,West
Michael Carter-Williams,PG,22,PHI,70,70,2414,0.405,0.431,0.703,101,336,437,441,130,43,247,213,1167,NP,East
Omri Casspi,PF,25,HOU,71,2,1283,0.42200000000000004,0.496,0.68,55,205,260,88,44,14,72,100,490,FT,West
Mario Chalmers,PG,27,MIA,73,73,2178,0.45399999999999996,0.531,0.742,41,173,214,357,119,16,162,210,716,F,East
Tyson Chandler,C,31,NYK,55,55,1662,0.593,0.593,0.632,159,370,529,59,36,63,71,145,480,NP,East
Wilson Chandler,SF,26,DEN,62,55,1927,0.41600000000000004,0.499,0.7240000000000001,58,236,294,114,46,31,79,193,846,NP,West
Dionte Christmas,SF,27,PHO,31,0,198,0.355,0.4270000000000001,0.75,13,25,38,8,2,3,6,19,71,NP,West
Ian Clark,SG,22,UTA,23,0,172,0.38799999999999996,0.47,0.7140000000000001,3,16,19,15,8,2,14,24,68,NP,West
Victor Claver,SF,25,POR,21,0,184,0.405,0.44,0.909,9,30,39,12,3,3,11,16,47,FT,West
Norris Cole,PG,25,MIA,82,6,2014,0.414,0.474,0.779,17,143,160,248,77,5,127,156,527,F,East
Jason Collins,C,35,BRK,22,1,172,0.45799999999999996,0.45799999999999996,0.75,7,12,19,4,8,1,7,30,25,FT,East
Darren Collison,PG,26,LAC,80,35,2069,0.467,0.518,0.857,47,141,188,297,93,15,132,150,911,FT,West
Nick Collison,PF,33,OKC,81,0,1353,0.556,0.564,0.71,116,177,293,104,30,28,71,187,338,F,West
Mike Conley,PG,26,MEM,73,73,2446,0.45,0.5,0.815,41,172,213,441,110,13,150,141,1256,FT,West
Chris Copeland,SF,29,IND,41,0,265,0.47,0.611,0.7140000000000001,7,25,32,18,3,7,14,38,153,F,East
DeMarcus Cousins,C,23,SAC,71,71,2298,0.496,0.496,0.726,218,613,831,207,109,91,251,270,1614,NP,West
Allen Crabbe,SG,21,POR,15,0,100,0.364,0.455,0.75,1,8,9,6,2,1,3,10,33,FT,West
Jamal Crawford,SG,33,LAC,69,24,2094,0.41600000000000004,0.496,0.866,34,124,158,223,59,12,135,120,1282,FT,West
Jae Crowder,SF,23,DAL,78,8,1254,0.439,0.524,0.754,46,148,194,60,59,21,41,100,356,FT,West
Dante Cunningham,SF,26,MIN,81,7,1635,0.46399999999999997,0.46399999999999997,0.5670000000000001,112,218,330,83,62,58,42,146,510,NP,West
Stephen Curry,PG,25,GSW,78,78,2846,0.47100000000000003,0.5660000000000001,0.885,46,288,334,666,128,14,294,194,1873,FT,West
Samuel Dalembert,C,32,DAL,80,68,1614,0.568,0.568,0.737,200,341,541,38,41,94,90,210,529,FT,West
Luigi Datome,SF,26,DET,34,0,238,0.35100000000000003,0.387,0.8,14,32,46,11,6,1,11,20,83,NP,East
Brandon Davies,PF,22,PHI,51,0,575,0.42200000000000004,0.43,0.642,38,71,109,28,24,8,35,92,144,NP,East
Anthony Davis,C,20,NOP,67,66,2358,0.519,0.52,0.7909999999999999,207,466,673,105,89,189,109,200,1394,NP,East
Ed Davis,PF,24,MEM,63,4,956,0.534,0.534,0.528,92,168,260,27,17,43,40,114,357,FT,West
Matthew Dellavedova,SG,23,CLE,72,4,1271,0.41200000000000003,0.508,0.792,29,94,123,187,33,5,60,121,339,NP,East
DeMar DeRozan,SG,24,TOR,79,79,3017,0.429,0.452,0.8240000000000001,51,292,343,313,86,28,176,197,1791,FT,East
Boris Diaw,PF,31,SAS,79,24,1974,0.521,0.5589999999999999,0.7390000000000001,74,252,326,222,44,32,121,140,717,F,West
Gorgui Dieng,C,24,MIN,60,15,818,0.498,0.5,0.634,103,197,300,39,30,50,54,108,286,NP,West
Chris Douglas-Roberts,SF,27,CHA,49,8,1016,0.44,0.542,0.805,16,103,119,51,29,16,36,61,339,FT,East
Goran Dragic,SG,27,PHO,76,75,2668,0.505,0.561,0.76,69,176,245,447,104,22,213,206,1542,NP,West
Andre Drummond,C,20,DET,81,81,2619,0.623,0.623,0.418,440,631,1071,35,101,131,110,273,1095,NP,East
Jared Dudley,SF,28,LAC,74,43,1729,0.43799999999999994,0.529,0.655,36,124,160,104,41,10,56,146,511,FT,West
Tim Duncan,C,37,SAS,74,74,2158,0.49,0.49,0.731,158,563,721,220,43,139,159,134,1119,F,West
Mike Dunleavy,SF,33,CHI,82,61,2584,0.43,0.51,0.8540000000000001,46,299,345,186,64,46,108,163,929,FT,East
Kevin Durant,SF,25,OKC,81,81,3122,0.503,0.56,0.873,58,540,598,445,103,59,285,174,2593,F,West
Wayne Ellington,SG,26,DAL,45,1,393,0.4370000000000001,0.536,0.909,8,35,43,19,16,2,11,33,145,FT,West
Monta Ellis,PG,28,DAL,82,82,3023,0.451,0.478,0.7879999999999999,38,257,295,471,141,23,264,197,1560,FT,West
Jeremy Evans,SF,26,UTA,66,4,1209,0.527,0.527,0.68,120,190,310,44,42,46,40,139,401,NP,West
Tyreke Evans,SF,24,NOP,72,22,2028,0.436,0.44799999999999995,0.7709999999999999,76,265,341,363,84,21,175,155,1042,NP,East
Kenneth Faried,PF,24,DEN,80,77,2178,0.545,0.545,0.65,238,446,684,96,70,69,135,193,1096,NP,West
Jordan Farmar,PG,27,LAL,41,5,912,0.415,0.511,0.746,20,84,104,199,38,8,95,65,416,NP,West
Vitor Faverani,C,25,BOS,37,8,488,0.435,0.47600000000000003,0.649,42,86,128,16,14,27,41,74,164,NP,East
Derrick Favors,PF,22,UTA,73,73,2201,0.522,0.522,0.669,199,438,637,91,75,108,129,236,970,NP,West
Carrick Felix,SG,23,CLE,7,0,38,0.5,0.5710000000000001,0.75,1,5,6,4,0,0,4,4,19,NP,East
Raymond Felton,PG,29,NYK,65,65,2017,0.395,0.446,0.721,54,143,197,365,78,27,129,157,630,NP,East
Landry Fields,SF,25,TOR,30,2,322,0.40299999999999997,0.40299999999999997,0.636,15,44,59,20,10,3,11,25,68,FT,East
Derek Fisher,SG,39,OKC,81,0,1428,0.391,0.512,0.775,12,110,122,117,70,3,49,157,425,F,West
Evan Fournier,SG,21,DEN,76,4,1503,0.419,0.501,0.7559999999999999,34,168,202,112,34,7,100,179,638,NP,West
Randy Foye,SG,30,DEN,81,78,2485,0.413,0.521,0.8490000000000001,36,196,232,287,67,39,145,205,1068,NP,West
Jamaal Franklin,SG,22,MEM,21,0,161,0.41,0.474,1.0,4,19,23,6,4,2,11,23,39,FT,West
Joel Freeland,C,26,POR,52,0,727,0.475,0.475,0.69,88,120,208,36,10,22,32,95,174,FT,West
Channing Frye,PF,30,PHO,82,82,2312,0.4320000000000001,0.535,0.821,73,343,416,98,60,63,89,245,910,NP,West
Francisco Garcia,SF,32,HOU,55,4,1083,0.401,0.519,0.526,21,101,122,63,27,33,30,120,315,FT,West
Kevin Garnett,C,37,BRK,54,54,1109,0.441,0.441,0.809,60,298,358,82,43,40,69,123,352,FT,East
Diante Garrett,PG,25,UTA,71,0,1048,0.381,0.449,0.833,11,86,97,120,41,5,75,75,248,NP,West
Marc Gasol,C,29,MEM,59,59,1970,0.473,0.474,0.768,84,340,424,215,59,76,111,150,859,FT,West
Pau Gasol,C,33,LAL,60,60,1884,0.48,0.48200000000000004,0.736,124,456,580,201,27,92,141,124,1041,NP,West
Alonzo Gee,SF,26,CLE,65,24,1020,0.415,0.456,0.705,35,114,149,47,39,15,44,96,258,NP,East
Paul George,SF,23,IND,80,80,2898,0.424,0.49,0.8640000000000001,64,478,542,283,151,22,224,198,1737,F,East
Taj Gibson,PF,28,CHI,82,8,2351,0.479,0.479,0.7509999999999999,200,358,558,91,41,112,150,207,1069,FT,East
Manu Ginobili,SG,36,SAS,68,3,1550,0.469,0.541,0.851,30,172,202,293,70,17,139,128,838,F,West
Rudy Gobert,C,21,UTA,45,0,434,0.486,0.486,0.4920000000000001,51,104,155,7,8,41,32,57,104,NP,West
Drew Gooden,C,32,WAS,22,0,395,0.531,0.556,0.889,37,77,114,15,10,7,17,53,183,FT,East
Archie Goodwin,SG,19,PHO,52,0,533,0.455,0.47,0.6729999999999999,25,62,87,20,20,11,44,45,194,NP,West
Ben Gordon,SG,30,CHA,19,0,279,0.34299999999999997,0.38,0.81,3,24,27,21,10,2,21,18,99,FT,East
Eric Gordon,SG,25,NOP,64,64,2057,0.436,0.498,0.785,30,135,165,208,74,12,134,114,988,NP,East
Marcin Gortat,C,29,WAS,81,80,2655,0.542,0.542,0.6859999999999999,202,565,767,138,41,121,126,201,1068,FT,East
Danny Green,SG,26,SAS,68,59,1651,0.4320000000000001,0.562,0.794,25,204,229,104,65,61,76,107,618,F,West
Draymond Green,SF,23,GSW,82,12,1797,0.40700000000000003,0.467,0.667,86,323,409,152,102,72,91,231,511,FT,West
Gerald Green,SG,28,PHO,82,48,2330,0.445,0.547,0.848,48,227,275,122,70,42,145,220,1295,NP,West
Jeff Green,SF,27,BOS,82,82,2805,0.41200000000000003,0.469,0.795,54,326,380,138,57,47,165,180,1382,NP,East
Willie Green,SG,32,LAC,55,9,869,0.376,0.452,0.8240000000000001,12,66,78,50,22,11,34,96,273,FT,West
Blake Griffin,PF,24,LAC,80,80,2863,0.528,0.5329999999999999,0.715,192,565,757,309,92,51,224,265,1930,FT,West
Jorge Gutierrez,PG,25,BRK,15,2,244,0.46299999999999997,0.491,0.75,3,19,22,30,10,1,14,37,62,FT,East
Tyler Hansbrough,PF,28,TOR,64,4,978,0.474,0.474,0.6809999999999999,120,167,287,17,28,19,47,132,312,FT,East
Tim Hardaway,SG,21,NYK,81,1,1875,0.428,0.523,0.828,19,102,121,66,44,7,47,144,824,NP,East
James Harden,SG,24,HOU,73,73,2777,0.456,0.529,0.866,61,283,344,446,115,29,265,177,1851,FT,West
Maurice Harkless,SF,20,ORL,80,41,1950,0.46399999999999997,0.525,0.594,69,195,264,80,97,50,86,140,592,NP,West
Josh Harrellson,C,24,DET,32,0,317,0.46299999999999997,0.537,0.7140000000000001,30,46,76,15,6,15,10,44,93,NP,East
Al Harrington,PF,33,WAS,34,0,511,0.396,0.478,0.7709999999999999,15,65,80,28,14,0,34,72,225,FT,East
Devin Harris,PG,30,DAL,40,0,818,0.37799999999999995,0.439,0.8,8,77,85,178,28,2,59,72,315,FT,West
Manny Harris,SG,24,LAL,9,0,180,0.4,0.45,0.833,7,27,34,11,4,1,9,10,73,NP,West
Mike Harris,PF,30,UTA,20,0,225,0.475,0.475,0.963,15,18,33,5,16,7,11,36,84,NP,West
Tobias Harris,PF,21,ORL,61,36,1850,0.46399999999999997,0.486,0.807,88,336,424,82,41,24,78,143,893,NP,West
Udonis Haslem,PF,33,MIA,46,18,653,0.507,0.507,0.568,42,133,175,13,11,15,24,79,173,F,East
Gordon Hayward,SF,23,UTA,77,77,2800,0.413,0.45399999999999996,0.816,62,329,391,400,110,40,212,155,1248,NP,West
Gerald Henderson,SG,26,CHA,77,77,2461,0.433,0.455,0.7609999999999999,31,279,310,199,51,32,113,159,1081,FT,East
Xavier Henry,SF,22,LAL,43,5,908,0.41700000000000004,0.45799999999999996,0.655,25,89,114,51,44,7,57,79,432,NP,West
John Henson,PF,23,MIL,70,23,1856,0.5379999999999999,0.5379999999999999,0.514,171,326,497,113,41,116,114,185,779,NP,East
Roy Hibbert,C,27,IND,81,81,2409,0.439,0.44,0.77,202,336,538,91,29,182,148,269,871,F,East
J.J. Hickson,PF,25,DEN,69,52,1859,0.508,0.508,0.517,206,426,632,96,47,51,128,177,814,NP,West
Nene Hilario,PF,31,WAS,53,37,1560,0.503,0.504,0.583,65,229,294,153,64,47,117,164,754,FT,East
George Hill,PG,27,IND,76,76,2434,0.442,0.519,0.807,53,230,283,265,75,23,92,158,781,F,East
Jordan Hill,PF,26,LAL,72,32,1500,0.5489999999999999,0.5489999999999999,0.685,194,341,535,54,29,64,75,172,696,NP,West
Solomon Hill,SF,22,IND,28,0,226,0.425,0.513,0.857,9,32,41,12,5,2,13,19,47,F,East
Kirk Hinrich,PG,33,CHI,73,61,2116,0.39299999999999996,0.461,0.76,31,161,192,286,80,26,120,203,666,FT,East
Jrue Holiday,PG,23,NOP,34,34,1143,0.447,0.48,0.81,28,114,142,268,56,12,105,92,487,NP,East
Ryan Hollins,PF,29,LAC,61,0,482,0.736,0.736,0.625,31,59,90,8,9,31,29,87,141,FT,West
Scotty Hopson,SG,24,CLE,2,0,7,0.0,0.0,0.5,0,0,0,1,1,0,0,0,1,NP,East
Al Horford,C,27,ATL,29,29,958,0.5670000000000001,0.5710000000000001,0.682,66,178,244,76,27,44,64,56,538,FT,East
Dwight Howard,C,28,HOU,71,71,2396,0.591,0.593,0.547,231,635,866,131,60,128,229,240,1297,FT,West
Robbie Hummel,SF,24,MIN,53,5,655,0.379,0.469,0.938,35,97,132,23,16,2,10,57,181,NP,West
Kris Humphries,PF,28,BOS,69,30,1376,0.501,0.501,0.813,127,282,409,67,31,61,64,136,579,NP,East
Serge Ibaka,PF,24,OKC,81,81,2666,0.536,0.5479999999999999,0.784,224,485,709,85,39,219,123,233,1227,F,West
Andre Iguodala,SF,30,GSW,63,63,2040,0.48,0.5479999999999999,0.652,53,240,293,263,95,18,100,103,588,FT,West
Ersan Ilyasova,PF,26,MIL,55,47,1478,0.409,0.441,0.823,107,235,342,72,46,8,61,135,618,NP,East
Kyrie Irving,PG,21,CLE,71,71,2496,0.43,0.48,0.861,52,207,259,433,108,23,190,163,1478,NP,East
Jarrett Jack,PG,30,CLE,80,31,2252,0.41,0.455,0.8390000000000001,22,201,223,324,56,22,133,133,760,NP,East
Reggie Jackson,PG,23,OKC,80,36,2277,0.44,0.485,0.893,43,270,313,331,85,9,168,142,1047,F,West
Stephen Jackson,SF,35,LAC,9,0,107,0.231,0.25,0.5,2,8,10,5,6,1,6,11,15,FT,West
Bernard James,C,28,DAL,30,0,146,0.478,0.478,0.545,15,27,42,3,3,8,10,24,28,FT,West
LeBron James,PF,29,MIA,77,77,2902,0.5670000000000001,0.61,0.75,81,452,533,488,121,26,270,126,2089,F,East
Mike James,PG,38,CHI,11,0,77,0.23800000000000002,0.262,0.0,0,7,7,17,2,0,5,11,11,FT,East
Antawn Jamison,PF,37,LAC,22,0,248,0.315,0.359,0.72,9,46,55,7,9,3,7,29,84,FT,West
Al Jefferson,C,29,CHA,73,73,2553,0.509,0.51,0.69,156,636,792,155,67,79,124,176,1594,FT,East
Richard Jefferson,SF,33,UTA,82,78,2213,0.45,0.544,0.741,18,201,219,130,56,14,94,168,831,NP,West
John Jenkins,SG,22,ATL,13,0,158,0.381,0.429,1.0,3,19,22,11,1,1,11,11,40,FT,East
Brandon Jennings,PG,24,DET,80,79,2728,0.373,0.441,0.7509999999999999,59,185,244,609,101,8,215,157,1241,NP,East
Jonas Jerebko,PF,26,DET,64,0,741,0.47100000000000003,0.546,0.7290000000000001,51,124,175,39,21,6,43,85,270,NP,East
Amir Johnson,PF,26,TOR,77,72,2214,0.562,0.578,0.636,172,333,505,115,56,88,123,271,799,FT,East
Chris Johnson,SF,23,BOS,40,0,789,0.397,0.498,0.86,31,66,97,31,27,4,22,63,250,NP,East
James Johnson,SF,26,MEM,52,4,956,0.46399999999999997,0.5,0.8440000000000001,60,106,166,111,42,57,66,102,384,FT,West
Joe Johnson,SG,32,BRK,79,79,2575,0.45399999999999996,0.5329999999999999,0.815,48,222,270,216,47,10,120,129,1245,FT,East
Wesley Johnson,SF,26,LAL,79,62,2240,0.425,0.502,0.792,70,278,348,124,86,77,90,207,715,NP,West
Darius Johnson-Odom,SG,24,PHI,3,0,15,0.0,0.0,0.0,0,2,2,1,1,0,2,3,0,NP,East
James Jones,SF,33,MIA,20,6,236,0.456,0.662,0.636,2,21,23,9,3,4,4,6,97,F,East
Perry Jones,PF,22,OKC,62,7,764,0.45899999999999996,0.519,0.667,28,86,114,26,14,19,21,62,216,F,West
Solomon Jones,PF,29,ORL,11,0,85,0.353,0.353,0.5,8,8,16,2,2,2,2,12,14,NP,West
Terrence Jones,PF,22,HOU,76,71,2078,0.542,0.564,0.605,162,366,528,87,53,99,71,139,921,FT,West
DeAndre Jordan,C,25,LAC,82,82,2870,0.6759999999999999,0.6759999999999999,0.428,331,783,1114,74,80,203,123,264,856,FT,West
Cory Joseph,SG,22,SAS,68,19,936,0.475,0.498,0.823,32,75,107,114,35,14,43,84,343,F,West
Chris Kaman,C,31,LAL,39,13,736,0.509,0.509,0.765,54,175,229,58,11,40,74,93,404,NP,West
Enes Kanter,C,21,UTA,80,37,2138,0.491,0.491,0.73,222,376,598,75,28,42,144,230,987,NP,West
Sergey Karasev,SF,20,CLE,22,1,156,0.34299999999999997,0.4,0.9,0,16,16,6,3,1,11,22,37,NP,East
Ryan Kelly,PF,22,LAL,59,25,1312,0.423,0.488,0.815,42,177,219,95,32,45,47,147,472,NP,West
Michael Kidd-Gilchrist,SF,20,CHA,62,62,1502,0.473,0.475,0.614,109,215,324,52,43,39,60,145,448,FT,East
Andrei Kirilenko,PF,32,BRK,45,4,857,0.513,0.516,0.513,55,91,146,72,40,19,54,65,226,FT,East
Brandon Knight,PG,22,MIL,72,69,2400,0.42200000000000004,0.473,0.802,46,209,255,352,69,17,188,146,1291,NP,East
Kyle Korver,SG,32,ATL,71,71,2408,0.475,0.626,0.9259999999999999,22,260,282,208,70,24,102,147,850,FT,East
Kosta Koufos,C,24,MEM,80,22,1349,0.495,0.495,0.645,160,258,418,39,32,71,67,182,514,FT,West
Viacheslav Kravtsov,C,26,PHO,20,0,59,0.5329999999999999,0.5329999999999999,0.5,9,8,17,1,0,1,6,7,20,NP,West
Ognjen Kuzmic,C,23,GSW,21,0,92,0.385,0.385,0.455,10,11,21,2,3,4,10,17,15,FT,West
Doron Lamb,SG,22,ORL,53,0,695,0.39399999999999996,0.506,0.8059999999999999,8,41,49,43,11,1,27,54,191,NP,West
Jeremy Lamb,SG,21,OKC,78,0,1538,0.4320000000000001,0.504,0.797,27,162,189,115,56,26,61,143,665,F,West
Carl Landry,PF,30,SAC,18,1,233,0.517,0.517,0.8240000000000001,15,42,57,5,3,1,9,34,76,NP,West
Shane Larkin,PG,21,DAL,48,0,489,0.38,0.423,0.64,11,31,42,71,26,1,39,46,132,FT,West
Ty Lawson,PG,26,DEN,62,61,2222,0.431,0.475,0.7979999999999999,40,175,215,543,100,10,200,113,1090,NP,West
Ricky Ledo,SG,21,DAL,11,0,33,0.353,0.441,1.0,0,2,2,2,1,0,2,2,19,FT,West
David Lee,PF,30,GSW,69,67,2288,0.523,0.523,0.78,182,461,643,147,48,26,152,206,1257,FT,West
Alex Len,C,20,PHO,42,3,362,0.423,0.423,0.645,39,60,99,4,4,18,26,68,86,NP,West
Kawhi Leonard,SF,22,SAS,66,65,1923,0.522,0.5760000000000001,0.802,76,336,412,133,114,50,80,127,844,F,West
Meyers Leonard,C,21,POR,40,0,355,0.451,0.451,0.762,26,85,111,18,7,5,15,76,98,FT,West
Jon Leuer,PF,24,MEM,49,0,642,0.4920000000000001,0.539,0.787,37,121,158,20,18,13,27,63,302,FT,West
Rashard Lewis,SF,34,MIA,60,6,971,0.415,0.513,0.7879999999999999,24,86,110,57,53,8,35,90,268,F,East
Damian Lillard,PG,23,POR,82,82,2937,0.424,0.508,0.871,35,253,288,457,64,22,193,197,1695,FT,West
Jeremy Lin,PG,25,HOU,71,33,2054,0.446,0.508,0.823,34,153,187,294,68,27,176,166,890,FT,West
Shaun Livingston,PG,28,BRK,76,54,1974,0.483,0.484,0.8270000000000001,67,179,246,245,93,31,105,172,629,FT,East
Brook Lopez,C,25,BRK,17,17,533,0.563,0.563,0.8170000000000001,39,63,102,16,9,30,28,52,352,FT,East
Robin Lopez,C,25,POR,82,82,2603,0.551,0.551,0.818,326,374,700,73,25,139,84,196,908,FT,West
Kevin Love,PF,25,MIN,77,77,2797,0.457,0.524,0.821,224,739,963,341,59,35,196,136,2010,NP,West
Kyle Lowry,PG,27,TOR,79,79,2862,0.423,0.511,0.813,88,281,369,586,121,15,194,267,1417,FT,East
John Lucas,PG,31,UTA,42,6,591,0.326,0.392,0.625,12,27,39,42,14,0,22,41,159,NP,West
Shelvin Mack,PG,23,ATL,73,11,1490,0.41700000000000004,0.479,0.865,21,139,160,271,50,2,89,100,544,FT,East
Ian Mahinmi,C,27,IND,77,1,1248,0.48100000000000004,0.48100000000000004,0.621,107,150,257,24,41,72,58,207,272,F,East
Shawn Marion,SF,35,DAL,76,76,2409,0.48200000000000004,0.523,0.785,132,365,497,124,90,37,95,125,791,FT,West
Kendall Marshall,PG,22,LAL,54,45,1564,0.406,0.49,0.528,15,140,155,477,48,4,150,76,430,NP,West
Kenyon Martin,PF,36,NYK,32,15,633,0.512,0.512,0.579,36,98,134,50,25,27,26,85,137,NP,East
Kevin Martin,SG,30,MIN,68,68,2177,0.43,0.486,0.8909999999999999,34,169,203,121,66,6,106,123,1298,NP,West
Roger Mason,SG,33,MIA,25,2,260,0.373,0.5,1.0,1,21,22,19,6,1,9,26,74,F,East
Wesley Matthews,SG,27,POR,82,82,2780,0.441,0.541,0.8370000000000001,51,238,289,197,76,14,110,176,1343,FT,West
Jason Maxiell,PF,30,ORL,34,13,488,0.44799999999999995,0.44799999999999995,0.484,28,58,86,9,8,20,14,47,109,NP,West
O.J. Mayo,SG,26,MIL,52,23,1346,0.40700000000000003,0.484,0.8640000000000001,24,100,124,113,28,13,95,111,608,NP,East
Ray McCallum,PG,22,SAC,45,10,897,0.377,0.413,0.7440000000000001,18,61,79,120,22,9,39,69,280,NP,West
C.J. McCollum,SG,22,POR,38,0,476,0.41600000000000004,0.5,0.6759999999999999,7,41,48,27,14,2,35,53,201,FT,West
JaVale McGee,C,26,DEN,5,5,79,0.447,0.447,1.0,10,7,17,2,1,7,8,16,35,NP,West
Ben McLemore,SG,20,SAC,82,55,2187,0.376,0.446,0.804,53,182,235,82,45,18,96,201,720,NP,West
Josh McRoberts,PF,26,CHA,78,78,2360,0.436,0.529,0.7290000000000001,85,288,373,333,58,46,83,189,661,FT,East
Jodie Meeks,SG,26,LAL,77,70,2556,0.46299999999999997,0.5539999999999999,0.857,30,164,194,138,111,4,111,119,1209,NP,West
Gal Mekel,PG,25,DAL,31,1,292,0.349,0.37799999999999995,0.667,5,22,27,63,4,1,31,31,73,FT,West
Khris Middleton,SF,22,MIL,82,64,2460,0.44,0.511,0.861,60,250,310,169,83,20,123,243,990,NP,East
C.J. Miles,SG,26,CLE,51,34,984,0.435,0.537,0.853,18,85,103,52,46,15,44,103,503,NP,East
Darius Miller,SF,23,NOP,45,7,723,0.44,0.515,0.8059999999999999,9,43,52,43,24,9,22,88,200,NP,East
Mike Miller,SF,33,MEM,82,4,1707,0.48100000000000004,0.602,0.821,30,177,207,130,26,5,77,95,579,FT,West
Quincy Miller,SF,21,DEN,52,16,789,0.3670000000000001,0.426,0.7090000000000001,36,111,147,26,22,32,48,70,257,NP,West
Patrick Mills,PG,25,SAS,81,2,1527,0.46399999999999997,0.565,0.89,34,135,169,149,68,9,63,114,826,F,West
Paul Millsap,PF,28,ATL,74,73,2482,0.461,0.498,0.731,154,473,627,232,129,78,185,210,1328,FT,East
Tony Mitchell,PF,21,DET,21,0,79,0.41700000000000004,0.45799999999999996,0.579,15,11,26,2,6,3,4,9,22,NP,East
Nazr Mohammed,C,36,CHI,80,1,562,0.429,0.429,0.5329999999999999,66,109,175,20,14,30,37,77,124,FT,East
Greg Monroe,PF,23,DET,82,82,2690,0.4970000000000001,0.4970000000000001,0.657,256,504,760,171,91,47,166,205,1249,NP,East
E'Twaun Moore,SG,24,ORL,79,3,1506,0.428,0.49,0.765,29,107,136,112,60,13,55,106,499,NP,West
Marcus Morris,SF,24,PHO,82,1,1800,0.442,0.518,0.7609999999999999,84,235,319,88,72,18,95,157,796,NP,West
Markieff Morris,PF,24,PHO,81,0,2153,0.486,0.507,0.792,139,346,485,144,68,51,147,232,1115,NP,West
Anthony Morrow,SG,28,NOP,76,9,1426,0.45799999999999996,0.542,0.828,29,111,140,59,38,12,51,102,636,NP,East
Donatas Motiejunas,PF,23,HOU,62,3,952,0.44299999999999995,0.478,0.604,60,165,225,34,20,21,49,132,341,FT,West
Arnett Moultrie,PF,23,PHI,12,2,187,0.42100000000000004,0.42100000000000004,0.8,11,24,35,2,8,4,7,22,36,NP,East
Timofey Mozgov,C,27,DEN,82,30,1770,0.523,0.527,0.754,171,357,528,62,27,100,122,213,770,NP,West
Shabazz Muhammad,SG,21,MIN,37,0,290,0.46,0.47200000000000003,0.65,24,29,53,6,8,1,16,24,143,NP,West
Toure' Murry,PG,24,NYK,51,0,373,0.434,0.45299999999999996,0.59,13,31,44,49,19,1,34,46,140,NP,East
Mike Muscala,C,22,ATL,20,0,215,0.425,0.425,1.0,17,35,52,7,3,10,12,29,76,FT,East
Hamady N'Diaye,C,27,SAC,14,0,74,0.33299999999999996,0.33299999999999996,0.0,5,13,18,3,0,4,3,15,6,NP,West
Steve Nash,PG,39,LAL,15,10,313,0.38299999999999995,0.426,0.917,4,25,29,86,7,2,31,18,102,NP,West
Nemanja Nedovic,SG,22,GSW,24,0,142,0.205,0.244,0.875,3,12,15,13,0,1,13,13,26,FT,West
Jameer Nelson,PG,31,ORL,68,68,2179,0.39399999999999996,0.485,0.857,29,202,231,476,52,5,166,146,820,NP,West
Andrew Nicholson,PF,24,ORL,76,5,1174,0.429,0.462,0.825,53,202,255,25,18,23,51,150,435,NP,West
Joakim Noah,C,28,CHI,80,80,2820,0.475,0.475,0.737,282,618,900,431,99,121,194,245,1007,FT,East
Steve Novak,PF,30,TOR,54,1,540,0.41100000000000003,0.589,1.0,8,50,58,13,12,4,5,44,178,FT,East
Dirk Nowitzki,PF,35,DAL,80,80,2628,0.4970000000000001,0.5489999999999999,0.899,40,458,498,216,73,45,117,165,1735,FT,West
Jermaine O'Neal,PF,35,GSW,44,13,883,0.504,0.504,0.75,85,157,242,25,14,40,52,102,349,FT,West
Kyle O'Quinn,C,23,ORL,69,19,1188,0.501,0.501,0.687,100,264,364,78,39,88,78,165,429,NP,West
Greg Oden,C,26,MIA,23,6,212,0.551,0.551,0.565,23,31,54,1,7,13,12,52,67,F,East
Victor Oladipo,PG,21,ORL,80,44,2487,0.419,0.45799999999999996,0.78,43,286,329,327,129,37,256,210,1106,NP,West
Kelly Olynyk,C,22,BOS,70,9,1400,0.466,0.506,0.8109999999999999,140,225,365,109,35,27,106,227,607,NP,East
Daniel Orton,C,23,PHI,22,4,251,0.447,0.447,0.767,16,45,61,15,6,16,18,38,65,NP,East
Travis Outlaw,SF,29,SAC,63,4,1065,0.39899999999999997,0.462,0.8079999999999999,36,132,168,48,20,19,26,94,343,NP,West
Zaza Pachulia,C,29,MIL,53,43,1325,0.4270000000000001,0.4270000000000001,0.846,141,192,333,136,45,14,92,124,408,NP,East
Jannero Pargo,PG,34,CHA,29,0,242,0.441,0.542,0.727,1,19,20,52,14,1,26,17,136,FT,East
Tony Parker,PG,31,SAS,68,68,1997,0.499,0.513,0.8109999999999999,17,138,155,388,36,9,151,86,1134,F,West
Chandler Parsons,SF,25,HOU,74,74,2783,0.47200000000000003,0.5379999999999999,0.742,69,340,409,298,88,29,144,168,1226,FT,West
Chris Paul,PG,28,LAC,62,62,2171,0.467,0.511,0.855,38,230,268,663,154,4,145,157,1185,FT,West
Nikola Pekovic,C,28,MIN,54,54,1663,0.541,0.541,0.747,206,262,468,50,30,23,84,129,944,NP,West
Kendrick Perkins,C,29,OKC,62,62,1207,0.451,0.451,0.552,82,223,305,67,26,32,90,177,211,F,West
Paul Pierce,SF,36,BRK,75,68,2098,0.451,0.529,0.826,26,322,348,178,86,31,153,190,1010,FT,East
Dexter Pittman,C,25,ATL,2,0,3,0.0,0.0,0.0,3,0,3,0,0,0,0,0,0,FT,East
Mason Plumlee,PF,23,BRK,70,22,1275,0.659,0.659,0.626,99,209,308,60,49,55,77,171,520,FT,East
Miles Plumlee,C,25,PHO,80,79,1964,0.517,0.517,0.561,198,428,626,43,50,90,111,185,646,NP,West
Quincy Pondexter,SG,25,MEM,15,2,270,0.392,0.462,0.8079999999999999,10,16,26,20,5,1,15,18,94,FT,West
Otto Porter,SF,20,WAS,37,0,319,0.363,0.385,0.667,21,36,57,10,8,1,14,26,78,FT,East
Phil Pressey,PG,22,BOS,75,11,1132,0.308,0.364,0.644,20,85,105,241,68,5,87,97,213,NP,East
A.J. Price,SG,27,MIN,28,0,99,0.413,0.478,0.0,1,9,10,13,1,0,7,5,44,NP,West
Ronnie Price,SG,30,ORL,31,2,377,0.304,0.353,0.6920000000000001,8,35,43,66,25,2,26,50,74,NP,West
Pablo Prigioni,PG,36,NYK,66,27,1283,0.461,0.631,0.917,36,93,129,228,67,2,60,132,252,NP,East
Tayshaun Prince,SF,33,MEM,76,76,1948,0.40700000000000003,0.4270000000000001,0.5670000000000001,32,202,234,119,39,19,41,63,454,FT,West
Miroslav Raduljica,C,26,MIL,48,2,465,0.54,0.54,0.818,54,54,108,23,7,13,28,84,181,NP,East
Anthony Randolph,PF,24,DEN,43,5,527,0.386,0.43799999999999994,0.754,20,102,122,32,26,19,39,64,206,NP,West
Shavlik Randolph,PF,30,PHO,14,0,95,0.5,0.5,0.545,7,18,25,1,3,1,5,15,20,NP,West
Zach Randolph,PF,32,MEM,79,79,2705,0.467,0.46799999999999997,0.742,265,530,795,200,54,23,183,210,1372,FT,West
J.J. Redick,SG,29,LAC,35,34,987,0.455,0.546,0.915,9,65,74,78,28,3,42,65,532,FT,West
Glen Rice,SG,23,WAS,11,1,109,0.297,0.365,0.7140000000000001,4,16,20,7,6,1,9,7,32,FT,East
Austin Rivers,SG,21,NOP,69,4,1339,0.405,0.44299999999999995,0.636,26,103,129,160,45,9,77,134,530,NP,East
Andre Roberson,PF,22,OKC,40,16,399,0.485,0.5,0.7,36,58,94,15,19,10,19,74,75,F,West
Brian Roberts,PG,28,NOP,72,42,1667,0.42,0.475,0.94,17,119,136,234,43,7,95,132,677,NP,East
Nate Robinson,PG,29,DEN,44,1,866,0.428,0.504,0.835,21,60,81,112,36,4,58,92,457,NP,West
Thomas Robinson,PF,22,POR,70,0,873,0.48100000000000004,0.48100000000000004,0.564,105,202,307,34,23,20,57,131,339,FT,West
Rajon Rondo,PG,27,BOS,30,30,998,0.40299999999999997,0.44,0.627,22,142,164,294,40,2,99,65,350,NP,East
Derrick Rose,PG,25,CHI,10,10,311,0.354,0.402,0.8440000000000001,9,23,32,43,5,1,34,15,159,FT,East
Terrence Ross,SG,22,TOR,81,62,2159,0.423,0.531,0.8370000000000001,43,209,252,79,64,27,88,183,879,FT,East
Ricky Rubio,PG,23,MIN,82,82,2638,0.381,0.413,0.802,61,281,342,704,191,11,221,218,781,NP,West
Brandon Rush,SG,28,UTA,38,0,418,0.33299999999999996,0.42200000000000004,0.6,5,39,44,24,5,9,20,31,79,NP,West
Robert Sacre,C,24,LAL,65,13,1089,0.47700000000000004,0.47700000000000004,0.6809999999999999,82,172,254,51,24,47,44,134,350,NP,West
Larry Sanders,C,25,MIL,23,20,584,0.469,0.469,0.473,60,105,165,19,18,40,26,74,178,NP,East
Dennis Schr√∂der,PG,20,ATL,49,0,641,0.38299999999999995,0.41,0.674,5,55,60,93,17,0,61,54,183,FT,East
Luis Scola,PF,33,IND,82,2,1399,0.47,0.47100000000000003,0.728,86,305,391,81,26,16,108,164,626,F,East
Mike Scott,PF,25,ATL,80,6,1482,0.479,0.529,0.78,62,222,284,75,30,7,79,121,767,FT,East
Thabo Sefolosha,SG,29,OKC,61,61,1584,0.415,0.485,0.768,50,170,220,94,79,17,55,90,383,F,West
Kevin Seraphin,C,24,WAS,53,1,578,0.505,0.505,0.871,53,75,128,17,3,26,41,103,249,FT,East
Mustafa Shakur,PG,29,OKC,3,0,11,0.0,0.0,0.5,0,0,0,4,0,0,2,2,1,F,West
Iman Shumpert,SG,23,NYK,74,58,1962,0.37799999999999995,0.457,0.746,81,227,308,129,92,13,79,209,495,NP,East
Alexey Shved,SG,25,MIN,63,0,664,0.321,0.384,0.7559999999999999,21,60,81,68,26,16,48,36,250,NP,West
Kyle Singler,SF,25,DET,82,36,2337,0.447,0.525,0.826,116,187,303,75,61,38,79,211,784,NP,East
Chris Singleton,SF,24,WAS,25,0,250,0.373,0.425,0.72,18,37,55,6,9,3,17,25,75,FT,East
Peyton Siva,SG,23,DET,24,0,224,0.316,0.377,0.733,2,12,14,34,9,1,18,27,54,NP,East
Donald Sloan,SG,26,IND,48,1,392,0.376,0.419,0.6,4,40,44,50,10,1,22,19,110,F,East
Greg Smith,C,23,HOU,11,0,100,0.643,0.643,0.4,11,16,27,0,1,2,5,17,38,FT,West
Ish Smith,PG,25,PHO,70,1,1006,0.423,0.425,0.564,31,98,129,179,49,13,65,66,261,NP,West
J.R. Smith,SF,28,NYK,74,37,2421,0.415,0.514,0.652,35,261,296,219,65,20,108,196,1071,NP,East
Jason Smith,PF,27,NOP,31,27,830,0.465,0.465,0.78,51,130,181,29,11,29,28,100,301,NP,East
Josh Smith,SF,28,DET,77,76,2730,0.419,0.44799999999999995,0.532,102,418,520,252,105,110,199,197,1264,NP,East
Tony Snell,SG,22,CHI,77,12,1231,0.384,0.469,0.7559999999999999,19,105,124,68,29,15,44,84,346,FT,East
Marreese Speights,C,26,GSW,79,3,982,0.441,0.45,0.821,101,189,290,32,10,34,66,148,508,FT,West
Tiago Splitter,C,29,SAS,59,50,1271,0.523,0.523,0.6990000000000001,123,240,363,90,29,31,75,117,483,F,West
D.J. Stephens,SG,23,MIL,3,0,15,0.429,0.429,1.0,1,4,5,0,0,0,0,0,7,NP,East
Lance Stephenson,SG,23,IND,78,78,2752,0.491,0.54,0.711,95,463,558,359,54,7,210,195,1080,F,East
Greg Stiemsma,C,28,NOP,55,20,1007,0.574,0.574,0.594,72,154,226,36,35,57,44,169,159,NP,East
Julyan Stone,SG,25,TOR,21,0,120,0.41200000000000003,0.47100000000000003,0.667,2,18,20,12,3,0,5,13,18,FT,East
Amar'e Stoudemire,C,31,NYK,65,21,1466,0.557,0.557,0.7390000000000001,112,208,320,34,23,37,91,159,772,NP,East
Rodney Stuckey,SG,27,DET,73,5,1950,0.436,0.45,0.836,39,130,169,152,54,10,125,131,1012,NP,East
Jared Sullinger,PF,21,BOS,74,44,2041,0.4270000000000001,0.45799999999999996,0.778,241,360,601,118,35,49,119,251,982,NP,East
Jeffery Taylor,SF,24,CHA,26,8,629,0.376,0.41700000000000004,0.5529999999999999,15,45,60,22,13,5,25,62,208,FT,East
Tyshawn Taylor,PG,23,BRK,23,3,270,0.341,0.35700000000000004,0.8,3,12,15,36,12,1,31,29,89,FT,East
Jeff Teague,PG,25,ATL,79,79,2542,0.43799999999999994,0.474,0.846,34,174,208,528,89,17,232,158,1304,FT,East
Mirza Teletovic,SF,28,BRK,72,7,1396,0.418,0.546,0.71,60,206,266,57,29,23,54,143,622,FT,East
Garrett Temple,SG,27,WAS,75,0,638,0.36200000000000004,0.38299999999999995,0.698,21,47,68,72,35,11,42,72,138,FT,East
Jason Terry,PG,36,BRK,35,0,570,0.36200000000000004,0.49,0.667,4,33,37,56,13,0,27,48,159,FT,East
Hasheem Thabeet,C,26,OKC,23,0,192,0.565,0.565,0.2,9,31,40,1,4,9,14,47,27,F,West
Isaiah Thomas,PG,24,SAC,72,54,2497,0.45299999999999996,0.51,0.85,47,163,210,454,93,8,213,185,1465,NP,West
Lance Thomas,SF,25,NOP,5,0,42,0.222,0.222,0.5,2,5,7,3,0,0,2,4,6,NP,East
Hollis Thompson,SF,22,PHI,77,41,1742,0.46,0.55,0.7120000000000001,73,174,247,73,53,12,60,144,461,NP,East
Jason Thompson,PF,27,SAC,82,61,2007,0.506,0.506,0.579,153,374,527,53,32,56,95,251,586,NP,West
Klay Thompson,SG,23,GSW,81,81,2868,0.444,0.5329999999999999,0.795,38,211,249,181,74,37,135,234,1488,FT,West
Tristan Thompson,PF,22,CLE,82,82,2594,0.47700000000000004,0.47700000000000004,0.693,269,485,754,72,42,35,108,188,961,NP,East
Anthony Tolliver,PF,28,CHA,64,9,1298,0.42,0.586,0.805,33,135,168,42,19,15,23,82,393,FT,East
P.J. Tucker,SF,28,PHO,81,81,2490,0.431,0.491,0.7759999999999999,161,368,529,141,110,23,102,204,760,NP,West
Ronny Turiaf,PF,31,MIN,31,10,606,0.598,0.598,0.42,55,119,174,24,8,50,24,65,149,NP,West
Hedo Turkoglu,SF,34,LAC,38,0,392,0.385,0.486,0.5,11,78,89,33,19,10,16,50,115,FT,West
Jeremy Tyler,C,22,NYK,41,0,398,0.517,0.517,0.542,38,71,109,8,6,20,26,70,146,NP,East
Ekpe Udoh,PF,26,MIL,42,14,804,0.39899999999999997,0.39899999999999997,0.638,61,87,148,31,15,44,38,96,144,NP,East
Jonas Valanciunas,C,21,TOR,81,81,2282,0.531,0.531,0.762,226,488,714,57,24,71,136,249,916,FT,East
Anderson Varejao,C,31,CLE,65,29,1800,0.495,0.495,0.6809999999999999,187,442,629,140,69,39,72,164,546,NP,East
Charlie Villanueva,PF,29,DET,20,0,180,0.38,0.457,0.5710000000000001,6,28,34,6,4,5,7,16,92,NP,East
Nikola Vucevic,C,23,ORL,57,57,1812,0.507,0.507,0.7659999999999999,185,441,626,104,60,47,112,169,811,NP,West
Dwyane Wade,SG,32,MIA,54,53,1775,0.545,0.551,0.733,60,181,241,252,79,29,161,106,1028,F,East
Dion Waiters,SG,22,CLE,70,24,2072,0.433,0.479,0.685,32,163,195,209,63,17,154,153,1113,NP,East
Kemba Walker,PG,23,CHA,73,73,2614,0.39299999999999996,0.441,0.8370000000000001,39,267,306,447,86,32,169,128,1289,FT,East
John Wall,PG,23,WAS,82,82,2980,0.433,0.473,0.805,38,295,333,721,149,40,295,219,1583,FT,East
Gerald Wallace,SF,31,BOS,58,16,1416,0.504,0.546,0.465,36,176,212,143,73,14,97,79,298,NP,East
Casper Ware,PG,24,PHI,9,0,116,0.429,0.512,0.833,0,9,9,10,8,0,5,11,48,NP,East
C.J. Watson,PG,29,IND,63,5,1193,0.4370000000000001,0.516,0.784,19,82,101,107,60,8,60,66,414,F,East
Earl Watson,PG,34,POR,24,0,161,0.273,0.364,1.0,5,10,15,28,5,1,17,33,12,FT,West
Martell Webster,SF,27,WAS,78,13,2157,0.433,0.557,0.84,38,184,222,97,41,15,58,150,759,FT,East
David West,PF,33,IND,80,80,2472,0.488,0.49,0.789,120,422,542,223,61,74,133,186,1118,F,East
Russell Westbrook,PG,25,OKC,46,46,1412,0.4370000000000001,0.48,0.826,55,208,263,319,88,7,177,104,1002,F,West
Deron Williams,PG,29,BRK,64,58,2059,0.45,0.518,0.8009999999999999,15,153,168,392,93,13,143,148,915,FT,East
Elliot Williams,SG,24,PHI,67,2,1157,0.415,0.47,0.731,30,100,130,72,35,3,68,126,404,NP,East
Louis Williams,PG,27,ATL,60,7,1445,0.4,0.48,0.8490000000000001,10,114,124,210,45,4,92,65,625,FT,East
Marvin Williams,PF,27,UTA,66,50,1674,0.439,0.519,0.7809999999999999,82,252,334,78,54,31,53,151,603,NP,West
Mo Williams,PG,31,POR,74,0,1834,0.41700000000000004,0.478,0.8759999999999999,42,111,153,321,55,10,149,197,721,FT,West
Shawne Williams,PF,27,LAL,36,13,751,0.38,0.49,0.7,25,142,167,30,19,30,21,93,202,NP,West
Jeff Withey,C,23,NOP,58,4,684,0.535,0.535,0.7120000000000001,49,101,150,26,15,50,20,73,190,NP,East
Nate Wolters,PG,22,MIL,58,31,1309,0.4370000000000001,0.46,0.6559999999999999,33,116,149,187,35,15,57,67,417,NP,East
Metta World Peace,SF,34,NYK,29,1,388,0.397,0.457,0.625,18,41,59,17,24,8,19,44,139,NP,East
Brandan Wright,C,26,DAL,58,0,1077,0.677,0.677,0.726,102,142,244,31,32,55,35,94,525,FT,West
Chris Wright,SF,25,MIL,8,0,126,0.6,0.6,0.4,10,10,20,5,7,5,5,17,48,NP,East
Dorell Wright,SF,28,POR,68,13,984,0.374,0.49,0.754,29,162,191,64,23,16,39,62,343,FT,West
Tony Wroten,SG,20,PHI,72,16,1765,0.4270000000000001,0.452,0.6409999999999999,69,159,228,217,78,16,204,151,939,NP,East
Nick Young,SG,28,LAL,64,9,1810,0.435,0.511,0.825,29,137,166,95,46,12,95,156,1144,NP,West
Thaddeus Young,PF,25,PHI,79,78,2718,0.45399999999999996,0.489,0.7120000000000001,166,310,476,182,167,36,165,213,1417,NP,East
Cody Zeller,C,21,CHA,82,3,1416,0.426,0.426,0.73,118,235,353,92,40,41,87,170,490,FT,East
Tyler Zeller,C,24,CLE,70,9,1049,0.5379999999999999,0.5379999999999999,0.7190000000000001,103,179,282,36,18,38,60,137,399,NP,East
